lakecode,lakename,latitude,longitude,continent,country,elevation,surface_area,mean_depth,max_depth,shoreline,contributor,alternate_lakenames,surface_area_source,mean_depth_source,max_depth_source,shoreline_source,elevation_google
xHJHF07,aegerisee,47.12,8.62,Europe,Switzerland,NA,7,48.5,83,NA,Harrie-Jan Hendricks Franssen,Aegerisee,Harrie-Jan Hendricks Franssen,Harrie-Jan Hendricks Franssen,Harrie-Jan Hendricks Franssen,,988.9
xNL001,atnsjøen,61.852,10.226,Europe,Norway,NA,5,NA,NA,19.38,Leif Asbjørn Vøllestad et al. 2021 - Dryad,Atnsjøen Lake,Norwegian Water Resources and Energy Directorate,,,Norwegian Water Resources and Energy Directorate,701
GAH1,auburn,44.1444,-70.25,North America,United States of America,NA,NA,NA,NA,NA,Julia Daly,Lake Auburn,,,,,112
xNL002,aursunden,62.68,11.462,Europe,Norway,NA,46.04,NA,52,102.98,Leif Asbjørn Vøllestad et al. 2021 - Dryad,Aursunden Lake,Norwegian Water Resources and Energy Directorate,,Norwegian Water Resources and Energy Directorate,,690
NG1,baikal,53.663,108.188,Asia,Russia,NA,31722,744,1642,NA,Nikolay Granin,LAKE BAIKAL;Lake Baikal (Listvyanka);Lake Baikal,Nikolay Granin,Nikolay Granin,Nikolay Granin,,5.7
xTAK01,balaton,46.9073,18.0448,Europe,Hungary,104,596,3,11.2,195,Takacs,Lake Balaton,LIAG,LIAG,LIAG,LIAG,104.9
xHJHF02,baldeggersee,47.2003,8.26,Europe,Switzerland,NA,5.3,33.1,66,NA,Harrie-Jan Hendricks Franssen,Baldeggersee,Harrie-Jan Hendricks Franssen,Harrie-Jan Hendricks Franssen,Harrie-Jan Hendricks Franssen,,487.8
JJM33,bayfield,46.81,-90.81,North America,United States of America,182.88,NA,NA,NA,NA,John Magnuson,Bayfield,,,,,204.9
xHJHF09,bielersee,47.0811,7.1696,Europe,Switzerland,NA,39.8,31,74,NA,Harrie-Jan Hendricks Franssen,Bielersee,Harrie-Jan Hendricks Franssen,Harrie-Jan Hendricks Franssen,Harrie-Jan Hendricks Franssen,,524
KMS2,brant,43.714,-73.706,North America,United States of America,243,5.492,9.1,18.3,NA,Kevin Rose,BRANT;Brant,LIAG,LIAG,LIAG,,335.9
LR2,cazenovia,42.951,-75.871,North America,United States of America,363,4.79,7.2,14.5,5.48,Lars Rudstam,Cazenovia Lake;CAZENOVIA,LIAG,LIAG,LIAG,LIAG,309.4
USGS1,champlain,44.306,-73.326,North America,United States of America,95,1127,19.5,122,944.7,Jason Stockwell,LAKE CHAMPLAIN;Champlain,LIAG,LIAG,LIAG,LIAG,56
GAH3,china,44.4339,-69.5456,North America,United States of America,NA,NA,NA,26,NA,Julia Daly,China Lake,,,LAKEPEDIA,,80.9
xKB0290,christmas,44.89707,-93.54321,North America,United States of America,NA,NA,NA,NA,NA,MN climatologist,Christmas (MN27013700),,,,,285.7
xKB0309,clear,44.08707,-93.48469,North America,United States of America,NA,NA,NA,NA,NA,MN climatologist,Clear (MN81001401),,,,,344.5
GAH4,cobbossee,44.2717,-69.9294,North America,United States of America,NA,NA,NA,NA,NA,Julia Daly,Cobbosseecontee Lake;Cobbossee Lake,,,,,88.7
GAH5,damariscotta,44.1825,-69.4792,North America,United States of America,15,17.5,NA,35,70.3,Julia Daly,Damariscotta Lake,LIAG,,LIAG,LIAG,64.6
MINN2,detroit,46.783,-95.933,North America,United States of America,406.6,13,4,25,20,Lesley Knoll,Detroit (MN03038100),LIAG,LAKEPEDIA,LIAG,LIAG,413.5
JJM27,geneva,42.568,-88.479,North America,United States of America,263.35,20.66,18.59,41.148,NA,Dale Robertson,LAKE GENEVA;Lake Geneva;Geneva,LIAG,LIAG,http://dnr.wi.gov/lakes/lakepages/LakeDetail.aspx?wbic=758300&page=facts,,299.6
GW512,gouta,65.60290617,15.52196705,Europe,Sweden,438.63333,31.5935,17.2,58,NA,Gesa Weyhenmeyer,GÃ–UTA,LIAG,LIAG,LIAG,,614.3
RAA3,grand_traverse_bay,44.77,-85.62,North America,United States of America,176.45,717.427,46,100,NA,Heather Smith,Grand Traverse Bay,http://www.gtbay.org/wp-content/uploads/2010/11/GTBWS_Facts.pdf,LIAG,LIAG,,168.3
MINN34,green,45.25231,-94.90525,North America,United States of America,352.35,23.56,NA,35.05,18.95319718,Ken Blumenfeld:Pete Boulay,Green (MN34007900);GREEN,LIAG,,LIAG,MNDNR,355.2
xHJHF05,greifensee,47.3478,8.6793,Europe,Switzerland,NA,8.5,17.8,32,NA,Harrie-Jan Hendricks Franssen,Greifensee,Harrie-Jan Hendricks Franssen,Harrie-Jan Hendricks Franssen,Harrie-Jan Hendricks Franssen,,491.9
xHJHF04,hallwilersee,47.2772,8.2173,Europe,Switzerland,NA,10.3,28,47,NA,Harrie-Jan Hendricks Franssen,Hallwilersee,Harrie-Jan Hendricks Franssen,Harrie-Jan Hendricks Franssen,Harrie-Jan Hendricks Franssen,,473.7
JK25,haukivesi,62.11,28.61,Europe,Finland,75.8,560,9.1,55,NA,Johanna Korhonen,HAUKIVESI;Haukivesi,Johanna Korhonen,Johanna Korhonen,Johanna Korhonen,,77
PJD15,haystack_bay__lake_of_bays,45.283,-79.018,North America,Canada,315,70.581,NA,NA,NA,Huaxia Yao,"Haystack Bay, Lake of Bays",LIAG,,,,352.6
GAH9,houghtons_pond,42.2072,-71.0964,North America,United States of America,50,0.1,13,NA,NA,Julia Daly,Houghtons (Hoosicwhisick) Pond,LAKEPEDIA,LAKEPEDIA,,,42.3
JK02,kallavesi,62.83,27.77,Europe,Finland,81.8,316,9.7,75,NA,Johanna Korhonen,LAKE KALLAVESI (4079);Kallavesi,Johanna Korhonen,Johanna Korhonen,Johanna Korhonen,,83.1
GW369,kallsjon,63.568,12.977,Europe,Sweden,380.525,156.3551,40.1,102.825,NA,Gesa Weyhenmeyer,KALLSJÃ–N,LIAG,LIAG,LIAG,,420.3
xAM01,kempenfelt_bay,44.386,-79.614,North America,Canada,NA,NA,NA,NA,NA,Alex Mills,Kempenfelt Bay,,,,,225
GAH10,kezar,44.193,-70.901,North America,United States of America,NA,NA,NA,47.9,NA,Julia Daly,Kezar Lake,,,Julia Daly,,206
DML1,lej_da_san_murezzan,46.494,9.847,Europe,Switzerland,1768,0.78,25,44,NA,Damien Bouffard,LEJ DA SAN MUREZZAN;Lej de San Murezzan,Damien Bouffard,Damien Bouffard,Damien Bouffard,,1807.7
JK31,lentua,64.251,29.694,Europe,Finland,167.9,77.8,7.4,52,NA,Johanna Korhonen,LENTUA;Lentua,Johanna Korhonen,Johanna Korhonen,Johanna Korhonen,,168.3
DMR1,mendota,43.128,-89.42,North America,United States of America,259.1,39.377,12.8,25.3,33.8,Dale Robertson,Mendota,LIAG,LIAG,LIAG,LIAG,266.5
MINN12,minnetonka,44.91,-93.653,North America,United States of America,283,58,NA,34.4,146.6,Lesley Knoll,Minnetonka (MN27013300);MINNETONKA,LIAG,,LIAG,LIAG,292.4
KMS11,mirror,44.291,-73.982,North America,United States of America,565,0.518,4.3,18.3,NA,Brendan Wiltse,MIRROR;Mirror Lake,LIAG,LIAG,LIAG,,570.7
KMS12,mohonk,41.763,-74.159,North America,United States of America,380,0.069,6.5,18,NA,LIAG (STEWART),MOHONK,,,,,237.6
DMR2,monona,43.067,-89.366,North America,United States of America,257.5,13.24,8.2,22.5,20.9,Dale Robertson,Monona,LIAG,LIAG,LIAG,LIAG,261.2
KMSM1,moosehead,45.672,-69.708,North America,United States of America,314,303,NA,75,NA,Julia Daly,Moosehead Lake,LIAG,,LIAG,,334.3
GAH14,mooselookmeguntic,44.9069,-70.8111,North America,United States of America,NA,NA,NA,41,NA,Julia Daly,Mooselookmeguntic Lake,,,LAKEPEDIA,,509.7
xHJHF01,murtensee,46.9276,7.074,Europe,Switzerland,NA,23,24,46,NA,Harrie-Jan Hendricks Franssen,Murtensee,Harrie-Jan Hendricks Franssen,Harrie-Jan Hendricks Franssen,Harrie-Jan Hendricks Franssen,,440
GW341,nackten,62.91277456,14.57243073,Europe,Sweden,323.95,84.2389,15.5,44,NA,Gesa Weyhenmeyer,NÃ„CKTEN,LIAG,LIAG,LIAG,,324.4
JK03,nasijarvi,61.53,23.75,Europe,Finland,95.4,256,13,61,NA,Johanna Korhonen,"LAKE NASIJARVI (3568);NÃ¤sijÃ¤rvi, Tampere",Johanna Korhonen,Johanna Korhonen,Johanna Korhonen,,97.1
WRS302,nipissing,46.27,-79.54,North America,Canada,NA,NA,NA,NA,NA,Huaxia Yao,Lake Nipissing;LAKE NIPISSING,,,,,196.1
LR1,oneida,43.21,-75.905,North America,United States of America,112,206.7,6.8,16.8,33.6,Lars Rudstam,Oneida Lake,LIAG,LIAG,LIAG,LIAG,125.6
GW240,orsasjon,61.072,14.548,Europe,Sweden,159.9,52.827,17.3,92.2,NA,Gesa Weyhenmeyer,ORSASJÃ–N,LIAG,LIAG,LIAG,,164.8
MINN27,osakis,45.909,-95.116,North America,United States of America,403.25,27,NA,20.4,34.1,Lesley Knoll,Osakis (MN77021500),LIAG,,LIAG,LIAG,410.5
KMS14,otsego,42.758,-74.894,North America,United States of America,363,17.11,24.9,50.6,34.49,Kiyoko Yokota,Otsego,LIAG,LIAG,LIAG,LIAG,425.2
JK01,oulujarvi,64.3,27.3,Europe,Finland,122.7,887,NA,NA,NA,Johanna Korhonen,OULUJARVI;OulujÃ¤rvi,Johanna Korhonen,,,,122
JK05,paijanne,61.18,25.54,Europe,Finland,78.3,1080,15,94.5,2345,Johanna Korhonen,LAKE PAIJANNE (1463);PÃ¤ijÃ¤nne. VÃ¤Ã¤ksy,Johanna Korhonen,Johanna Korhonen,Johanna Korhonen,LIAG,83
JK46,palovesi,61.86,23.91,Europe,Finland,96,25.5,9.6,60.97,NA,Johanna Korhonen,PALOVESI;Palovesi,Johanna Korhonen,Johanna Korhonen,Johanna Korhonen,,140
GAH15,pennessewassee,44.2261,-70.5786,North America,United States of America,NA,NA,NA,NA,NA,Julia Daly,Pennesseewassee (Norway) Lake;Pennessewassee Lake,,,,,168.9
xHJHF10,pfaffikersee,47.3508,8.7824,Europe,Switzerland,NA,3.2,18.6,35,NA,Harrie-Jan Hendricks Franssen,PfÃ¤ffikersee,Harrie-Jan Hendricks Franssen,Harrie-Jan Hendricks Franssen,Harrie-Jan Hendricks Franssen,,558.7
JK09,pielavesi,63.2,26.67,Europe,Finland,102.3,110,NA,NA,NA,Johanna Korhonen,PIELAVESI - SAVIA (1427);Pielavesi,Johanna Korhonen,,,,108.6
JK40,pielinen,63.54,29.13,Europe,Finland,93.7,894,10,61,NA,Johanna Korhonen,PIELINEN;Pielinen,Johanna Korhonen,Johanna Korhonen,Johanna Korhonen,,118.5
RH1,rangeley,44.9447,-70.6983,North America,United States of America,463,24.3,NA,45,NA,Julia Daly,Rangeley Lake,LIAG,,LIAG,,588.7
GAH20,richardson,44.8564,-70.8656,North America,United States of America,NA,NA,NA,NA,NA,Julia Daly,Richardson Lake,,,,,496.1
GW202,runn,60.46887821,15.59264793,Europe,Sweden,106.8,64.7024,8.3,29.5,NA,Gesa Weyhenmeyer,RUNN,LIAG,LIAG,LIAG,,108.3
xHJHF03,sarnersee,46.8698,8.2206,Europe,Switzerland,NA,7.1,33.5,52,NA,Harrie-Jan Hendricks Franssen,Sarnersee,Harrie-Jan Hendricks Franssen,Harrie-Jan Hendricks Franssen,Harrie-Jan Hendricks Franssen,,789.9
KMS18,schroon,43.759,-73.782,North America,United States of America,246,NA,NA,47,NA,Kevin Rose,SCHROON;Schroon Lake,,,LAKEPEDIA,,368.1
GAH21,sebago,43.8708,-70.5669,North America,United States of America,NA,NA,NA,33,NA,Julia Daly,Sebago Lake;Sebago Lake *(see notes),,,http://www.lakesofmaine.org/lake-overview.html?m=5786,,82.2
GAH22,sebec,45.2828,-69.2792,North America,United States of America,NA,NA,NA,48,NA,Julia Daly,Sebec Lake,,,LAKEPEDIA,,131.9
xHJHF08,sempachersee,47.1441,8.1549,Europe,Switzerland,NA,15,43.6,87,NA,Harrie-Jan Hendricks Franssen,Sempachersee,Harrie-Jan Hendricks Franssen,Harrie-Jan Hendricks Franssen,Harrie-Jan Hendricks Franssen,,566.8
xIMGW01,serwy,53.901,23.206,Europe,Poland,NA,NA,NA,NA,NA,WÅ‚odzimierz Marszelewski,Lake Serwy,,,,,129.9
JJM22,shell,45.732,-91.896,North America,United States of America,370.94,10.45,7.01,11,NA,Dale Robertson,SHELL LAKE;Shell;Shell Lake,LIAG,LIAG,LAKEPEDIA,,389.4
xKB1618,shields,44.36998,-93.44184,North America,United States of America,NA,NA,NA,NA,NA,MN climatologist,Shields (MN66005500),,,,,336.7
GAH24,sunapee,43.376,-72.053,North America,United States of America,NA,NA,NA,32,NA,Julia Daly,Sunapee Lake,,,LAKEPEDIA,,428.8
ARAI1,suwa,36.04,138.08,Asia,Japan,759,13.7,4.1,7.6,18,Yasuyuki Aono,Lake Suwa;LAKE SUWA;Suwa,Yasuyuki Aono,Yasuyuki Aono,Yasuyuki Aono,LIAG,807.2
xNL082,tesse,61.814,8.941,Europe,Norway,NA,12.78,NA,NA,24.14,Leif Asbjørn Vøllestad et al. 2021 - Dryad,Tesse Lake,Norwegian Water Resources and Energy Directorate,,,Norwegian Water Resources and Energy Directorate,856
xHM01,thingvallavatn,64.1833326,-21.1499994,Europe,Iceland,NA,84,34,114,NA,Leif Asbjørn Vøllestad et al. 2021 - Dryad,,Þingvallavatn Lake,Þingvallavatn Lake,Þingvallavatn Lake,,100
GAH26,thompson,44.0661,-70.4853,North America,United States of America,NA,NA,NA,NA,NA,Julia Daly,Thompson Lake,,,,,109.1
xNL084,tunhovdfjorden,60.426,8.833,Europe,Norway,NA,25.3,NA,NA,NA,Leif Asbjørn Vøllestad et al. 2021 - Dryad,Tunhovdfjorden Lake,Norwegian Water Resources and Energy Directorate,,,,734
GAH27,umbagog,44.8014,-71.0283,North America,United States of America,NA,NA,NA,14,NA,Julia Daly,Umbagog Lake,,,LAKEPEDIA,,408.2
xHJHF06,untersee,47.6957,9.0232,Europe,Germany,NA,29.3,19.1,46,NA,Harrie-Jan Hendricks Franssen,Untersee,Harrie-Jan Hendricks Franssen,Harrie-Jan Hendricks Franssen,Harrie-Jan Hendricks Franssen,,398.5
JK04,vesijarvi,61.18,25.54,Europe,Finland,81.4,107.6,6.6,40,169,Johanna Korhonen,LAKE VESIJARVI (1462);VesijÃ¤rvi,Johanna Korhonen,Johanna Korhonen,Johanna Korhonen,LIAG,83
JK45,visuvesi,62.12,23.93,Europe,Finland,96.1,46.2,6.95,62,NA,Johanna Korhonen,VISUVESI;Visuvesi,Johanna Korhonen,Johanna Korhonen,Johanna Korhonen,,116.7
GAH28,west_grand,45.2156,-67.8144,North America,United States of America,NA,NA,NA,39,NA,Julia Daly,West Grand Lake,,,LAKEPEDIA,,106.6
xKB1978,wilson,44.600448,-70.2536112,North America,United States of America,NA,NA,NA,NA,NA,Julia Daly,Wilson Lake,,,,,174
GAH29,winnipesaukee,43.603,-71.362,North America,United States of America,NA,NA,NA,NA,NA,Julia Daly,Winnipesaukee,,,,,156.7
